stock_name,nse_code,isin,sector_name,industry_name,current_price,market_capitalization,trendlyne_momentum_score,trendlyne_durability_score,trendlyne_valuation_score,day_rsi,day_adx,day_macd,day_macd_signal_line,day_sma50,day_sma200,day_volume,week_volume_avg,month_volume_avg,year_1_high,rr_nifty50_year_pct,sales_growth_3y_pct,sales_growth_5y_pct,profit_growth_3y_pct,profit_growth_5y_pct,eps_growth_3y_pct,eps_growth_5y_pct,sales_q_latest,sales_q_prev,sales_q_yoy_base,profit_q_latest,profit_q_prev,profit_q_yoy_base,eps_q_latest,eps_q_prev,eps_q_yoy_base,roce,roce_3y_avg,roce_5y_avg,roe,roe_3y_avg,opm_current,opm_last_year,opm_5y_avg,cfo_latest,cfo_prev,fcf_latest,fcf_prev,fcf_3y,debt_to_equity,current_ratio,interest_coverage,altman_z_score,piotroski_score,peg_ratio,price_to_fcf,price_to_cfo,price_to_sales,pe_ttm,promoter_holding_latest_pct,promoter_holding_change_qoq_pct,fii_holding_change_qoq_pct,mf_holding_change_qoq_pct
Infosys Limited,INFY,INE009A01021,Information Technology,IT Services,1530.40,642000,74,80,45,62.5,28.4,4.2,2.1,1485.60,1410.20,1240000,980000,1050000,1720.00,14.5,12.4,11.2,14.8,12.5,13.2,11.4,37440,36200,34500,6210,5930,5680,14.8,14.2,13.6,32.4,30.5,29.2,25.4,24.1,21.8,21.2,20.5,5240,4900,4730,4420,13500,0.08,2.45,45.8,5.44,8,1.82,24.6,20.2,4.42,22.4,15.1,0.0,0.12,-0.05
Reliance Industries,RELIANCE,INE002A01018,Energy,Renewable Energy,2485.50,1680000,52,55,60,48.2,21.5,1.5,-0.8,2420.40,2310.50,1950000,1780000,1850000,2850.00,8.4,9.2,8.1,11.4,9.5,10.2,8.8,231500,224000,211200,18900,17300,16500,24.5,23.8,22.1,11.8,11.2,10.4,10.5,9.8,14.6,14.1,13.5,26300,24800,15400,14200,41200,0.38,1.45,6.2,3.12,6,2.14,28.4,24.5,2.34,26.8,50.1,0.0,0.05,0.02
HDFC Bank Limited,HDFCBANK,INE040A01034,Financials,Banking,1622.10,1235000,58,85,50,51.4,24.8,2.8,1.4,1560.20,1498.40,4800000,4650000,4720000,1745.00,11.2,16.2,14.8,19.4,17.2,18.5,16.4,59100,55400,51200,12800,11400,10500,20.2,19.4,18.2,18.4,17.5,16.2,16.1,15.2,38.5,37.2,36.4,0,0,0,0,0,1.24,1.15,0.0,2.15,7,1.42,0,0,4.12,19.2,25.6,0.0,0.25,0.18
Tata Motors Limited,TATAMOTORS,INE155A01022,Consumer Discretionary,Automobile,965.70,320000,88,62,40,71.2,42.5,18.4,12.5,890.30,750.50,7500000,6800000,7100000,1065.00,48.2,11.5,9.2,26.4,21.8,24.2,19.5,105000,99500,88400,6120,5600,1210,15.4,14.1,2.4,12.8,10.5,8.4,10.2,8.5,12.4,10.2,8.5,8400,7800,4200,3700,10500,1.12,1.08,3.4,1.92,6,0.84,38.5,32.4,1.04,14.5,45.2,0.0,0.45,-0.10
Titan Company Limited,TITAN,INE280A01028,Consumer Discretionary,Jewellery,3240.20,288000,64,78,35,54.8,18.5,-5.2,-2.1,3350.40,3140.80,680000,720000,700000,3850.00,18.4,18.2,16.4,22.4,20.5,21.2,19.2,14200,13100,11200,1050,980,820,11.8,11.0,9.2,28.4,26.5,25.1,24.1,23.2,11.5,11.2,10.8,1250,1180,950,890,2600,0.15,1.85,15.4,6.15,8,2.42,42.4,36.5,3.15,34.2,52.9,0.0,-0.08,0.10
State Bank of India,SBIN,INE062A01020,Financials,Banking,785.40,701000,68,75,65,58.4,30.2,8.4,4.2,745.20,680.40,6400000,5200000,5600000,845.00,28.5,12.5,10.4,16.5,14.2,15.4,13.8,42100,39800,36400,9120,8400,7600,8.4,7.8,7.1,14.5,13.8,12.2,15.2,14.1,32.4,30.5,29.1,0,0,0,0,0,1.35,1.22,0.0,1.82,7,1.12,0,0,2.15,10.4,57.4,0.0,0.15,0.08
Tata Consultancy Services,TCS,INE467B01029,Information Technology,IT Services,3850.25,1390000,62,94,30,45.2,16.4,-12.4,-8.2,3920.40,3710.20,2100000,2300000,2200000,4250.00,-2.5,10.2,9.5,12.4,11.5,11.8,10.4,61200,59100,55400,11400,11100,10500,31.2,30.4,28.8,45.4,43.2,41.5,39.2,38.1,26.4,25.8,25.2,12400,11800,11900,11200,34000,0.02,2.85,85.4,10.42,9,2.85,32.4,28.5,5.12,28.5,72.4,0.0,0.08,-0.02
ITC Limited,ITC,INE154A01025,Consumer Staples,Food Processing,430.50,536000,48,92,70,39.5,14.2,1.2,2.5,442.50,428.10,9500000,11500000,10800000,500.00,-10.4,11.4,10.2,14.2,12.8,13.4,12.1,17200,16950,15800,4900,4850,4430,3.9,3.8,3.5,38.5,37.1,35.4,30.2,29.1,36.5,35.8,34.2,5200,4950,4800,4550,14100,0.01,3.45,98.5,12.14,9,2.12,22.4,20.5,6.82,21.4,18.7,0.0,0.45,0.12
Larsen & Toubro Limited,LT,INE018A01030,Infrastructure,Construction,3410.20,479000,78,72,32,66.8,34.2,14.2,9.5,3210.40,2950.50,1450000,1210000,1320000,3890.00,26.4,14.2,12.8,18.5,16.2,17.2,15.1,58500,54200,49200,3150,2950,2610,22.4,21.0,18.5,19.2,18.1,17.2,14.8,13.9,11.2,10.5,9.8,3400,2900,1850,1500,4200,1.45,1.28,4.5,2.15,6,1.92,42.4,32.4,1.85,30.2,0.0,0.0,0.52,-0.15
ICICI Bank Limited,ICICIBANK,INE090A01021,Financials,Banking,1120.40,782000,72,82,55,60.2,29.5,5.4,3.2,1080.50,995.20,6700000,5800000,6100000,1170.00,22.8,15.4,13.8,18.5,16.5,17.4,15.2,32500,30200,27800,10200,9100,8200,14.5,13.8,12.4,16.8,15.9,14.8,17.5,16.5,35.8,34.2,33.1,0,0,0,0,0,1.18,1.25,0.0,2.18,7,1.38,0,0,3.85,17.5,0.0,0.0,0.18,0.22
Hindustan Unilever Limited,HINDUNILVR,INE030A01027,Consumer Staples,Food Processing,2310.80,542000,38,96,25,32.4,13.8,-18.2,-14.1,2450.60,2380.40,1100000,1350000,1280000,2720.00,-15.2,8.4,7.8,9.2,8.5,8.8,8.1,15200,14900,14300,2510,2480,2320,10.6,10.4,9.8,39.4,38.2,36.5,29.4,28.5,23.5,23.1,22.8,3200,3050,3010,2850,8800,0.01,2.85,75.4,14.25,8,3.24,42.5,35.4,8.12,48.5,61.9,0.0,0.05,-0.04
Bharti Airtel Limited,BHARTIARTL,INE397D01024,Communication Services,Media,1250.50,712000,85,68,30,73.5,41.2,22.4,14.8,1140.20,950.40,4300000,3800000,4100000,1320.00,52.4,13.5,11.8,22.4,18.5,20.2,16.8,38200,36900,34100,3240,2900,2540,5.8,5.2,4.5,14.2,13.2,11.8,12.1,10.8,19.2,18.5,17.4,11200,10400,6200,5400,18500,1.85,0.85,2.1,1.45,5,1.15,22.5,18.4,1.85,38.4,55.0,0.0,0.12,-0.08
Maruti Suzuki India,MARUTI,INE585B01010,Consumer Discretionary,Automobile,12250.00,385000,82,78,38,68.4,32.5,75.4,45.2,11500.00,10100.00,450000,380000,410000,13100.00,32.1,12.4,10.5,20.5,18.4,19.4,17.2,32400,30100,27500,3120,2890,2420,102.5,95.4,80.4,16.8,15.4,14.1,13.8,12.5,10.5,9.8,9.2,4200,3950,2850,2500,8100,0.05,2.15,18.5,4.85,8,1.25,28.5,24.2,1.22,26.5,56.4,0.0,0.15,-0.02
Sun Pharmaceutical,SUNPHARMA,INE044A01036,Health Care,Pharmaceuticals,1460.20,350000,76,84,45,64.2,31.4,12.4,8.2,1380.20,1210.40,1520000,1320000,1410000,1620.00,38.4,11.2,10.1,14.6,13.2,13.8,12.4,11800,10900,10100,2420,2240,2010,10.1,9.4,8.4,17.8,16.5,15.2,16.2,15.1,22.4,21.5,20.2,2800,2500,2200,2050,6500,0.12,2.35,14.2,5.12,8,2.25,28.4,24.5,2.45,24.5,54.5,0.0,0.22,0.15
Coal India Limited,COALINDIA,INE522F01014,Energy,Metals,465.40,286000,84,65,75,70.5,38.4,11.5,6.2,420.50,332.10,8500000,6200000,6900000,495.00,62.4,7.8,6.2,29.4,22.5,27.5,20.4,28400,27200,25600,6810,6420,5510,11.1,10.4,8.9,42.5,39.4,36.1,34.2,31.8,24.5,22.1,21.5,8400,7800,7900,7200,22000,0.01,1.98,32.4,3.22,7,0.56,12.4,10.5,1.01,8.4,66.1,0.0,-0.12,0.05
Asian Paints Limited,ASIANPAINT,INE021A01026,Materials,Chemicals,2810.00,269000,42,91,32,36.2,14.5,-8.4,-5.2,2940.20,2890.60,820000,95000,910000,3450.00,-12.4,12.5,11.2,15.4,13.8,14.2,12.5,9100,8800,8100,1210,1150,1020,12.6,12.0,10.6,33.5,31.8,30.2,26.4,25.1,20.2,19.5,18.8,1850,1620,1540,1350,4200,0.05,2.15,24.5,7.12,9,2.45,34.2,28.5,4.85,55.2,52.6,0.0,-0.05,0.02
Power Grid Corporation,POWERGRID,INE752E01010,Utilities,Renewable Energy,292.50,272000,72,70,68,59.2,26.4,3.2,1.8,275.40,241.50,5400000,4900000,5100000,325.00,31.2,8.4,7.5,11.2,10.1,10.8,9.5,11800,11300,10500,4210,3980,3640,4.5,4.2,3.8,11.2,10.8,9.5,18.5,17.2,48.5,47.2,46.1,3800,3400,2850,2600,8200,1.25,1.10,3.2,1.65,6,1.45,21.5,19.2,3.12,14.2,51.3,0.0,0.08,0.04
Aurobindo Pharma,AUROPHARMA,INE406A01015,Health Care,Pharmaceuticals,1185.30,69500,71,68,48,58.2,25.6,4.5,2.1,1125.40,985.60,1120000,1010000,1050000,1295.00,34.2,10.4,8.5,14.5,12.1,13.2,11.4,7350,6950,6420,1280,1120,980,21.8,19.1,16.7,14.8,13.5,12.4,13.1,12.0,17.4,16.5,15.8,1450,1320,1120,950,3100,0.22,1.95,8.5,2.65,6,1.15,16.4,14.2,1.12,18.5,51.8,0.0,0.18,0.11
Wipro Limited,WIPRO,INE075A01022,Information Technology,IT Services,465.15,243000,58,82,38,49.2,19.5,1.2,-0.5,455.40,432.10,2800000,2400000,2600000,545.00,4.8,8.4,7.5,9.2,8.1,8.8,7.8,22100,21800,20500,2830,2700,2650,5.4,5.1,4.7,21.4,20.2,19.1,17.1,16.2,19.5,18.8,18.1,3400,3200,2950,2750,8900,0.15,2.15,14.8,3.95,7,1.85,21.5,19.2,2.22,18.2,72.9,0.0,0.04,-0.05
Bharat Electronics,BEL,INE263A01024,Defence Manufacturing,Electronics,228.40,167000,81,76,35,69.4,36.5,8.4,5.2,205.20,154.60,4200000,3600000,3800000,260.00,74.5,14.5,12.5,22.4,19.5,21.2,18.4,4800,4500,4100,820,740,650,1.1,1.0,0.9,28.4,26.5,24.2,21.5,20.1,19.5,18.8,18.0,1120,980,850,710,2400,0.02,2.35,35.4,5.85,8,1.42,28.4,24.5,4.12,25.4,51.1,0.0,-0.04,0.08
HDFC Life Insurance,HDFCLIFE,INE795G01014,Financials,Insurance,585.50,126000,46,65,40,42.4,15.2,-2.1,-1.0,612.40,580.60,1120000,1250000,1180000,695.00,-8.4,19.5,17.2,14.2,12.8,14.1,12.5,6800,6430,5200,360,320,310,1.7,1.5,1.4,8.4,8.0,7.5,11.2,10.6,8.5,8.1,7.8,420,380,260,210,800,0.01,2.85,0.0,1.65,6,3.45,45.2,38.1,1.85,42.5,50.4,0.0,0.08,0.12
Bharat Petroleum,BPCL,INE029A01011,Energy,Renewable Energy,618.40,134000,69,60,55,57.1,26.8,3.2,1.2,592.50,510.60,245000,225000,235000,685.00,24.5,10.4,9.2,28.4,22.5,21.5,17.4,28400,27250,25600,1950,1350,1150,9.0,6.2,5.3,16.5,14.2,12.5,18.4,14.2,8.5,6.2,5.3,1800,1400,1010,850,2400,0.55,1.22,4.5,1.92,6,1.22,12.2,10.5,1.05,10.5,52.9,0.0,0.05,0.04
